{"cameraMode":{"drawMode":0,"name":"Shaded","section":"Shading Mode"},"sceneLighting":true,"audioPlay":false,"sceneViewState":{"showFog":true,"showMaterialUpdate":false,"showSkybox":true,"showFlares":true,"showImageEffects":true,"showParticleSystems":true,"showVisualEffectGraphs":true,"m_FxEnabled":true},"in2DMode":false,"pivot":{"x":-11.341334342956543,"y":87.78827667236328,"z":205.27357482910157},"rotation":{"x":0.29293009638786318,"y":-0.018444491550326349,"z":0.002766261575743556,"w":0.9558629393577576},"size":0.8660253882408142,"orthographic":false}