{"cameraMode":{"drawMode":0,"name":"Shaded","section":"Shading Mode"},"sceneLighting":true,"audioPlay":false,"sceneViewState":{"showFog":true,"showMaterialUpdate":false,"showSkybox":true,"showFlares":true,"showImageEffects":true,"showParticleSystems":true,"showVisualEffectGraphs":true,"m_FxEnabled":true},"in2DMode":false,"pivot":{"x":23.534801483154298,"y":2.6994211673736574,"z":9.872008323669434},"rotation":{"x":-0.13500389456748963,"y":0.8631502389907837,"z":-0.31193244457244875,"w":-0.37333908677101138},"size":30.178131103515626,"orthographic":false}