{"cameraMode":{"drawMode":0,"name":"Shaded","section":"Shading Mode"},"sceneLighting":false,"audioPlay":false,"sceneViewState":{"showFog":true,"showMaterialUpdate":false,"showSkybox":false,"showFlares":true,"showImageEffects":true,"showParticleSystems":true,"showVisualEffectGraphs":true,"m_FxEnabled":true},"in2DMode":false,"pivot":{"x":36.442848205566409,"y":32.42858123779297,"z":22.151350021362306},"rotation":{"x":-0.22292304039001466,"y":0.7720164060592651,"z":-0.36747467517852785,"w":-0.46807461977005007},"size":1.8193002939224244,"orthographic":false}